provider_family,method_condition,cells,moral_bias_reduction,yes_no_bias_reduction,omission_bias_reduction,median_latency_seconds
deepseek,critique_revise,4,0.4017857142857143,0.4174107142857143,0.3861607142857143,9.078486749998774
deepseek,debate,4,0.3724972943722944,0.400297619047619,0.3446969696969697,10.431933149997349
gemini,debate,2,0.1935200216450216,0.19656385281385275,0.1904761904761905,
qwen,debate,2,0.18452380952380953,0.2113095238095238,0.1577380952380952,
gemma,debate,1,0.0535714285714285,0.1547619047619047,-0.0476190476190475,
