model_id,provider_family,model_line,variant_type,datasets,dataset_cells,moral_bias_mean,yes_no_bias,omission_bias,valid_rate
deepseek_v4pro,deepseek,deepseek-v4,pro_api,exp2,1,0.7127976190476191,0.7053571428571429,0.7202380952380952,1.0
deepseek_v4flash,deepseek,deepseek-v4,flash_api,exp2,1,0.6666666666666666,0.6666666666666666,0.6666666666666666,1.0
deepseek_chat,deepseek,deepseek-chat,chat_api,"exp2,exp3",2,0.6130952380952381,0.6279761904761905,0.5982142857142857,1.0
zhipu_glm51,glm,glm-5.1,chat_api,"exp2,exp3",2,0.431547619047619,0.3630952380952381,0.5,1.0
gemini25_flash,gemini,gemini-2.5,flash_api,"exp2,exp3",2,0.3995535714285714,0.4300595238095238,0.36904761904761907,1.0
aliyun_qwen36,qwen,qwen3.6,flash_api,"exp2,exp3",2,0.38318452380952384,0.35565476190476186,0.4107142857142857,1.0
gemma4_31b_api,gemma,gemma-4,large_api,exp2,1,0.1666666666666666,0.1666666666666666,0.1666666666666666,1.0
