deployment,training_state,model_count,moral_bias_mean,yes_no_bias,omission_bias
api,api_aligned,7,0.48193027210884354,0.47363945578231287,0.49022108843537415
local,base_or_instruct,1,0.1934523809523809,0.3601190476190476,0.0267857142857142
