provider_family,model_count,completed_dataset_cells,moral_bias_mean,yes_no_bias,omission_bias,highest_bias_model
deepseek,3,4,0.6641865079365079,0.6666666666666666,0.6617063492063492,"deepseek_chat,deepseek_v4flash,deepseek_v4pro"
glm,1,2,0.431547619047619,0.3630952380952381,0.5,zhipu_glm51
gemini,1,2,0.3995535714285714,0.4300595238095238,0.369047619047619,gemini25_flash
qwen,2,3,0.28831845238095233,0.3578869047619047,0.21874999999999994,"aliyun_qwen36,qwen3_32b_local"
gemma,1,1,0.1666666666666666,0.1666666666666666,0.1666666666666666,gemma4_31b_api
