test,x,y,n,pearson_r,pearson_p,slope,loo_rmse,r_squared
Exp2 moral predicts Exp3 moral,exp2_moral_bias,exp3_moral_bias,11,0.4842182072990845,0.13122880836796894,0.3597060316097462,0.3250781694300699,0.23446727227993902
Moral framing predicts strict sycophancy,moral_bias_mean,sycophancy_wrong_belief,7,0.4325548619366755,0.3323962723722359,0.10337258261781097,0.07871739684402371,0.18710370858505665
Moral framing predicts polarity gap,moral_bias_mean,polarity_gap_abs,5,0.2008515912012887,0.7459977997873833,0.11519572969290182,0.27624158596500503,0.04034136168808966
Yes-no framing predicts polarity gap,yes_no_gap,polarity_gap_abs,5,0.1683529971648531,0.7866632170698624,0.1328812721284842,0.21097203596730985,0.028342731654389164
Debate response predicts critique-revise response,debate_reduction,critique_revise_reduction,3,0.9444549501588441,0.21318116616515437,0.5280226493736455,1.0526190367037436,0.8919951528795445
